entry_validity,rr,sweep_lookback,swing_lookback,sharpe,cagr,pf,winrate,total_return,max_dd,n_trades,asset,tf
3,2.0,5,5,-1.6251725942397695,-0.2369647951976328,0.7801315650882219,0.3127853881278539,-0.41666251058850745,-0.4837487704595474,876,Gold,1h / 1h  (≈2 yr)
3,2.0,5,10,-1.7632193262935676,-0.23458362010962375,0.7328251972842575,0.29154078549848944,-0.41302896673550216,-0.4878775628758458,662,Gold,1h / 1h  (≈2 yr)
3,2.0,5,15,-1.757415275563994,-0.22311647966523096,0.7094241337813428,0.28153564899451555,-0.3951120611162673,-0.4464685323528721,547,Gold,1h / 1h  (≈2 yr)
3,2.0,5,20,-1.2938395089614365,-0.16572275161611216,0.7585297490197757,0.29004329004329005,-0.30308894378774376,-0.39512609884372546,462,Gold,1h / 1h  (≈2 yr)
3,2.0,10,5,-1.6251725942397695,-0.2369647951976328,0.7801315650882219,0.3127853881278539,-0.41666251058850745,-0.4837487704595474,876,Gold,1h / 1h  (≈2 yr)
3,2.0,10,10,-1.7632193262935676,-0.23458362010962375,0.7328251972842575,0.29154078549848944,-0.41302896673550216,-0.4878775628758458,662,Gold,1h / 1h  (≈2 yr)
3,2.0,10,15,-1.757415275563994,-0.22311647966523096,0.7094241337813428,0.28153564899451555,-0.3951120611162673,-0.4464685323528721,547,Gold,1h / 1h  (≈2 yr)
3,2.0,10,20,-1.2938395089614365,-0.16572275161611216,0.7585297490197757,0.29004329004329005,-0.30308894378774376,-0.39512609884372546,462,Gold,1h / 1h  (≈2 yr)
3,2.0,15,5,-1.6251725942397695,-0.2369647951976328,0.7801315650882219,0.3127853881278539,-0.41666251058850745,-0.4837487704595474,876,Gold,1h / 1h  (≈2 yr)
3,2.0,15,10,-1.7632193262935676,-0.23458362010962375,0.7328251972842575,0.29154078549848944,-0.41302896673550216,-0.4878775628758458,662,Gold,1h / 1h  (≈2 yr)
3,2.0,15,15,-1.757415275563994,-0.22311647966523096,0.7094241337813428,0.28153564899451555,-0.3951120611162673,-0.4464685323528721,547,Gold,1h / 1h  (≈2 yr)
3,2.0,15,20,-1.2938395089614365,-0.16572275161611216,0.7585297490197757,0.29004329004329005,-0.30308894378774376,-0.39512609884372546,462,Gold,1h / 1h  (≈2 yr)
3,3.0,5,5,-1.1503203086057292,-0.21235036369165106,0.8033079837146617,0.25065963060686014,-0.37855976648225853,-0.40614868022383804,758,Gold,1h / 1h  (≈2 yr)
3,3.0,5,10,-1.0993677896321559,-0.1945129729611369,0.778865855225667,0.22782608695652173,-0.35019727587163085,-0.41243657545413603,575,Gold,1h / 1h  (≈2 yr)
3,3.0,5,15,-0.8071614904403431,-0.14828244680990765,0.8145821221470015,0.23236514522821577,-0.27355376926074026,-0.3354389582993324,482,Gold,1h / 1h  (≈2 yr)
3,3.0,5,20,-0.4317121098390154,-0.08632200131816248,0.8839571952485136,0.24754901960784315,-0.16465931162623493,-0.28029609588053955,408,Gold,1h / 1h  (≈2 yr)
3,3.0,10,5,-1.1503203086057292,-0.21235036369165106,0.8033079837146617,0.25065963060686014,-0.37855976648225853,-0.40614868022383804,758,Gold,1h / 1h  (≈2 yr)
3,3.0,10,10,-1.0993677896321559,-0.1945129729611369,0.778865855225667,0.22782608695652173,-0.35019727587163085,-0.41243657545413603,575,Gold,1h / 1h  (≈2 yr)
3,3.0,10,15,-0.8071614904403431,-0.14828244680990765,0.8145821221470015,0.23236514522821577,-0.27355376926074026,-0.3354389582993324,482,Gold,1h / 1h  (≈2 yr)
3,3.0,10,20,-0.4317121098390154,-0.08632200131816248,0.8839571952485136,0.24754901960784315,-0.16465931162623493,-0.28029609588053955,408,Gold,1h / 1h  (≈2 yr)
3,3.0,15,5,-1.1503203086057292,-0.21235036369165106,0.8033079837146617,0.25065963060686014,-0.37855976648225853,-0.40614868022383804,758,Gold,1h / 1h  (≈2 yr)
3,3.0,15,10,-1.0993677896321559,-0.1945129729611369,0.778865855225667,0.22782608695652173,-0.35019727587163085,-0.41243657545413603,575,Gold,1h / 1h  (≈2 yr)
3,3.0,15,15,-0.8071614904403431,-0.14828244680990765,0.8145821221470015,0.23236514522821577,-0.27355376926074026,-0.3354389582993324,482,Gold,1h / 1h  (≈2 yr)
3,3.0,15,20,-0.4317121098390154,-0.08632200131816248,0.8839571952485136,0.24754901960784315,-0.16465931162623493,-0.28029609588053955,408,Gold,1h / 1h  (≈2 yr)
3,4.0,5,5,-1.0277214698518866,-0.1632304467092499,0.8345903852746137,0.20853080568720378,-0.2989336360037701,-0.29893363600377004,633,Gold,1h / 1h  (≈2 yr)
3,4.0,5,10,-0.6522468188376738,-0.1090114968149184,0.8732446455667163,0.1951219512195122,-0.20549114108759292,-0.25681061279182793,492,Gold,1h / 1h  (≈2 yr)
3,4.0,5,15,-0.5345355256939206,-0.09346228131063383,0.879027024681731,0.1927710843373494,-0.1774807380495389,-0.2294112545023402,415,Gold,1h / 1h  (≈2 yr)
3,4.0,5,20,-0.33043644176499637,-0.06000884223816205,0.9184910375765122,0.20170454545454544,-0.1160297962465251,-0.22051833958426997,352,Gold,1h / 1h  (≈2 yr)
3,4.0,10,5,-1.0277214698518866,-0.1632304467092499,0.8345903852746137,0.20853080568720378,-0.2989336360037701,-0.29893363600377004,633,Gold,1h / 1h  (≈2 yr)
3,4.0,10,10,-0.6522468188376738,-0.1090114968149184,0.8732446455667163,0.1951219512195122,-0.20549114108759292,-0.25681061279182793,492,Gold,1h / 1h  (≈2 yr)
3,4.0,10,15,-0.5345355256939206,-0.09346228131063383,0.879027024681731,0.1927710843373494,-0.1774807380495389,-0.2294112545023402,415,Gold,1h / 1h  (≈2 yr)
3,4.0,10,20,-0.33043644176499637,-0.06000884223816205,0.9184910375765122,0.20170454545454544,-0.1160297962465251,-0.22051833958426997,352,Gold,1h / 1h  (≈2 yr)
3,4.0,15,5,-1.0277214698518866,-0.1632304467092499,0.8345903852746137,0.20853080568720378,-0.2989336360037701,-0.29893363600377004,633,Gold,1h / 1h  (≈2 yr)
3,4.0,15,10,-0.6522468188376738,-0.1090114968149184,0.8732446455667163,0.1951219512195122,-0.20549114108759292,-0.25681061279182793,492,Gold,1h / 1h  (≈2 yr)
3,4.0,15,15,-0.5345355256939206,-0.09346228131063383,0.879027024681731,0.1927710843373494,-0.1774807380495389,-0.2294112545023402,415,Gold,1h / 1h  (≈2 yr)
3,4.0,15,20,-0.33043644176499637,-0.06000884223816205,0.9184910375765122,0.20170454545454544,-0.1160297962465251,-0.22051833958426997,352,Gold,1h / 1h  (≈2 yr)
5,2.0,5,5,-1.3862681341878251,-0.2022767469193365,0.8102252626498992,0.3047158403869408,-0.3626196346696434,-0.47268034918871815,827,Gold,1h / 1h  (≈2 yr)
5,2.0,5,10,-1.3482452928087372,-0.1890608709540207,0.783019382876215,0.2958860759493671,-0.3414022863056402,-0.4417808376500219,632,Gold,1h / 1h  (≈2 yr)
5,2.0,5,15,-0.9925530686852003,-0.1380558798363276,0.821740750809544,0.29750479846449135,-0.2560821657845147,-0.33342621170124576,521,Gold,1h / 1h  (≈2 yr)
5,2.0,5,20,-0.696036758206561,-0.09871259461372583,0.8601352275317443,0.3056179775280899,-0.18708367243563417,-0.29424172061175574,445,Gold,1h / 1h  (≈2 yr)
5,2.0,10,5,-1.3862681341878251,-0.2022767469193365,0.8102252626498992,0.3047158403869408,-0.3626196346696434,-0.47268034918871815,827,Gold,1h / 1h  (≈2 yr)
5,2.0,10,10,-1.3482452928087372,-0.1890608709540207,0.783019382876215,0.2958860759493671,-0.3414022863056402,-0.4417808376500219,632,Gold,1h / 1h  (≈2 yr)
5,2.0,10,15,-0.9925530686852003,-0.1380558798363276,0.821740750809544,0.29750479846449135,-0.2560821657845147,-0.33342621170124576,521,Gold,1h / 1h  (≈2 yr)
5,2.0,10,20,-0.696036758206561,-0.09871259461372583,0.8601352275317443,0.3056179775280899,-0.18708367243563417,-0.29424172061175574,445,Gold,1h / 1h  (≈2 yr)
5,2.0,15,5,-1.3862681341878251,-0.2022767469193365,0.8102252626498992,0.3047158403869408,-0.3626196346696434,-0.47268034918871815,827,Gold,1h / 1h  (≈2 yr)
5,2.0,15,10,-1.3482452928087372,-0.1890608709540207,0.783019382876215,0.2958860759493671,-0.3414022863056402,-0.4417808376500219,632,Gold,1h / 1h  (≈2 yr)
5,2.0,15,15,-0.9925530686852003,-0.1380558798363276,0.821740750809544,0.29750479846449135,-0.2560821657845147,-0.33342621170124576,521,Gold,1h / 1h  (≈2 yr)
5,2.0,15,20,-0.696036758206561,-0.09871259461372583,0.8601352275317443,0.3056179775280899,-0.18708367243563417,-0.29424172061175574,445,Gold,1h / 1h  (≈2 yr)
5,3.0,5,5,-0.6485354190470035,-0.13434459558670497,0.8808354207849147,0.24759284731774414,-0.24987570040894447,-0.3489326048575412,727,Gold,1h / 1h  (≈2 yr)
5,3.0,5,10,-0.8169952965861876,-0.15433262491712219,0.824110250508629,0.2292418772563177,-0.2839982989492079,-0.37088858015798265,554,Gold,1h / 1h  (≈2 yr)
5,3.0,5,15,-0.2705083705776165,-0.06294156783405225,0.929663633072101,0.2505399568034557,-0.12141993301674359,-0.22348550627237865,463,Gold,1h / 1h  (≈2 yr)
5,3.0,5,20,-0.18609975630576758,-0.047064328279766254,0.9452008775787845,0.2562814070351759,-0.0916039282055483,-0.22477814236950486,398,Gold,1h / 1h  (≈2 yr)
5,3.0,10,5,-0.6485354190470035,-0.13434459558670497,0.8808354207849147,0.24759284731774414,-0.24987570040894447,-0.3489326048575412,727,Gold,1h / 1h  (≈2 yr)
5,3.0,10,10,-0.8169952965861876,-0.15433262491712219,0.824110250508629,0.2292418772563177,-0.2839982989492079,-0.37088858015798265,554,Gold,1h / 1h  (≈2 yr)
5,3.0,10,15,-0.2705083705776165,-0.06294156783405225,0.929663633072101,0.2505399568034557,-0.12141993301674359,-0.22348550627237865,463,Gold,1h / 1h  (≈2 yr)
5,3.0,10,20,-0.18609975630576758,-0.047064328279766254,0.9452008775787845,0.2562814070351759,-0.0916039282055483,-0.22477814236950486,398,Gold,1h / 1h  (≈2 yr)
5,3.0,15,5,-0.6485354190470035,-0.13434459558670497,0.8808354207849147,0.24759284731774414,-0.24987570040894447,-0.3489326048575412,727,Gold,1h / 1h  (≈2 yr)
5,3.0,15,10,-0.8169952965861876,-0.15433262491712219,0.824110250508629,0.2292418772563177,-0.2839982989492079,-0.37088858015798265,554,Gold,1h / 1h  (≈2 yr)
5,3.0,15,15,-0.2705083705776165,-0.06294156783405225,0.929663633072101,0.2505399568034557,-0.12141993301674359,-0.22348550627237865,463,Gold,1h / 1h  (≈2 yr)
5,3.0,15,20,-0.18609975630576758,-0.047064328279766254,0.9452008775787845,0.2562814070351759,-0.0916039282055483,-0.22477814236950486,398,Gold,1h / 1h  (≈2 yr)
5,4.0,5,5,-0.5709859300048044,-0.10613229044636352,0.8995068164766419,0.21009771986970685,-0.20036622149540506,-0.279615500785304,614,Gold,1h / 1h  (≈2 yr)
5,4.0,5,10,-0.8971450577794702,-0.14176484331573758,0.8282443043947277,0.18480492813141683,-0.2626355591937183,-0.3364509990365385,487,Gold,1h / 1h  (≈2 yr)
5,4.0,5,15,-0.5049354847003727,-0.08786614463277598,0.8877387105662574,0.1926829268292683,-0.16733944014834146,-0.2550661427830833,410,Gold,1h / 1h  (≈2 yr)
5,4.0,5,20,-0.5543455913828536,-0.09004420564027571,0.8689480384260211,0.1908831908831909,-0.1714276622074421,-0.2788021465500328,351,Gold,1h / 1h  (≈2 yr)
5,4.0,10,5,-0.5709859300048044,-0.10613229044636352,0.8995068164766419,0.21009771986970685,-0.20036622149540506,-0.279615500785304,614,Gold,1h / 1h  (≈2 yr)
5,4.0,10,10,-0.8971450577794702,-0.14176484331573758,0.8282443043947277,0.18480492813141683,-0.2626355591937183,-0.3364509990365385,487,Gold,1h / 1h  (≈2 yr)
5,4.0,10,15,-0.5049354847003727,-0.08786614463277598,0.8877387105662574,0.1926829268292683,-0.16733944014834146,-0.2550661427830833,410,Gold,1h / 1h  (≈2 yr)
5,4.0,10,20,-0.5543455913828536,-0.09004420564027571,0.8689480384260211,0.1908831908831909,-0.1714276622074421,-0.2788021465500328,351,Gold,1h / 1h  (≈2 yr)
5,4.0,15,5,-0.5709859300048044,-0.10613229044636352,0.8995068164766419,0.21009771986970685,-0.20036622149540506,-0.279615500785304,614,Gold,1h / 1h  (≈2 yr)
5,4.0,15,10,-0.8971450577794702,-0.14176484331573758,0.8282443043947277,0.18480492813141683,-0.2626355591937183,-0.3364509990365385,487,Gold,1h / 1h  (≈2 yr)
5,4.0,15,15,-0.5049354847003727,-0.08786614463277598,0.8877387105662574,0.1926829268292683,-0.16733944014834146,-0.2550661427830833,410,Gold,1h / 1h  (≈2 yr)
5,4.0,15,20,-0.5543455913828536,-0.09004420564027571,0.8689480384260211,0.1908831908831909,-0.1714276622074421,-0.2788021465500328,351,Gold,1h / 1h  (≈2 yr)
10,2.0,5,5,-1.2198528267686959,-0.18436715238450185,0.8204937442487109,0.31723237597911225,-0.33378348582819906,-0.44911144751644755,766,Gold,1h / 1h  (≈2 yr)
10,2.0,5,10,-0.9025202443287915,-0.13520444799085807,0.8452359760386339,0.31239669421487604,-0.2513598897855872,-0.3935394583862157,605,Gold,1h / 1h  (≈2 yr)
10,2.0,5,15,-0.7745129111938863,-0.11284270979981237,0.8539471921398507,0.3097165991902834,-0.21212374723068728,-0.2867554084582174,494,Gold,1h / 1h  (≈2 yr)
10,2.0,5,20,-0.44964172586196693,-0.06913871031455987,0.9048208813654802,0.32,-0.13305806565533462,-0.2330998721892795,425,Gold,1h / 1h  (≈2 yr)
10,2.0,10,5,-1.2198528267686959,-0.18436715238450185,0.8204937442487109,0.31723237597911225,-0.33378348582819906,-0.44911144751644755,766,Gold,1h / 1h  (≈2 yr)
10,2.0,10,10,-0.9025202443287915,-0.13520444799085807,0.8452359760386339,0.31239669421487604,-0.2513598897855872,-0.3935394583862157,605,Gold,1h / 1h  (≈2 yr)
10,2.0,10,15,-0.7745129111938863,-0.11284270979981237,0.8539471921398507,0.3097165991902834,-0.21212374723068728,-0.2867554084582174,494,Gold,1h / 1h  (≈2 yr)
10,2.0,10,20,-0.44964172586196693,-0.06913871031455987,0.9048208813654802,0.32,-0.13305806565533462,-0.2330998721892795,425,Gold,1h / 1h  (≈2 yr)
10,2.0,15,5,-1.2198528267686959,-0.18436715238450185,0.8204937442487109,0.31723237597911225,-0.33378348582819906,-0.44911144751644755,766,Gold,1h / 1h  (≈2 yr)
10,2.0,15,10,-0.9025202443287915,-0.13520444799085807,0.8452359760386339,0.31239669421487604,-0.2513598897855872,-0.3935394583862157,605,Gold,1h / 1h  (≈2 yr)
10,2.0,15,15,-0.7745129111938863,-0.11284270979981237,0.8539471921398507,0.3097165991902834,-0.21212374723068728,-0.2867554084582174,494,Gold,1h / 1h  (≈2 yr)
10,2.0,15,20,-0.44964172586196693,-0.06913871031455987,0.9048208813654802,0.32,-0.13305806565533462,-0.2330998721892795,425,Gold,1h / 1h  (≈2 yr)
10,3.0,5,5,-0.5062688097105952,-0.11253309317276483,0.8969584415994674,0.25263157894736843,-0.21173717902803957,-0.36146645625377705,665,Gold,1h / 1h  (≈2 yr)
10,3.0,5,10,-0.39086952152830123,-0.08670079465784042,0.9087012343538893,0.24390243902439024,-0.16534935254354355,-0.3188619954111088,533,Gold,1h / 1h  (≈2 yr)
10,3.0,5,15,-0.20680258130751653,-0.05289032433596763,0.9439317804246882,0.248868778280543,-0.10255499377597443,-0.18470075913255934,442,Gold,1h / 1h  (≈2 yr)
10,3.0,5,20,-0.06337565385778715,-0.026499638554394855,0.9771028974457235,0.2617801047120419,-0.0521170089427625,-0.1653029335008341,382,Gold,1h / 1h  (≈2 yr)
10,3.0,10,5,-0.5062688097105952,-0.11253309317276483,0.8969584415994674,0.25263157894736843,-0.21173717902803957,-0.36146645625377705,665,Gold,1h / 1h  (≈2 yr)
10,3.0,10,10,-0.39086952152830123,-0.08670079465784042,0.9087012343538893,0.24390243902439024,-0.16534935254354355,-0.3188619954111088,533,Gold,1h / 1h  (≈2 yr)
10,3.0,10,15,-0.20680258130751653,-0.05289032433596763,0.9439317804246882,0.248868778280543,-0.10255499377597443,-0.18470075913255934,442,Gold,1h / 1h  (≈2 yr)
10,3.0,10,20,-0.06337565385778715,-0.026499638554394855,0.9771028974457235,0.2617801047120419,-0.0521170089427625,-0.1653029335008341,382,Gold,1h / 1h  (≈2 yr)
10,3.0,15,5,-0.5062688097105952,-0.11253309317276483,0.8969584415994674,0.25263157894736843,-0.21173717902803957,-0.36146645625377705,665,Gold,1h / 1h  (≈2 yr)
10,3.0,15,10,-0.39086952152830123,-0.08670079465784042,0.9087012343538893,0.24390243902439024,-0.16534935254354355,-0.3188619954111088,533,Gold,1h / 1h  (≈2 yr)
10,3.0,15,15,-0.20680258130751653,-0.05289032433596763,0.9439317804246882,0.248868778280543,-0.10255499377597443,-0.18470075913255934,442,Gold,1h / 1h  (≈2 yr)
10,3.0,15,20,-0.06337565385778715,-0.026499638554394855,0.9771028974457235,0.2617801047120419,-0.0521170089427625,-0.1653029335008341,382,Gold,1h / 1h  (≈2 yr)
10,4.0,5,5,-0.5395554350353311,-0.10550855747236199,0.8992848560260394,0.2056239015817223,-0.19925382797478708,-0.3450459859777698,569,Gold,1h / 1h  (≈2 yr)
10,4.0,5,10,-0.3386303837399954,-0.06539293123644085,0.9319615165432542,0.20127118644067796,-0.12609171416144405,-0.29158140790061104,472,Gold,1h / 1h  (≈2 yr)
10,4.0,5,15,-0.4813741432786516,-0.08530601450024777,0.8910596091560865,0.18877551020408162,-0.16267935828531477,-0.22559197129370828,392,Gold,1h / 1h  (≈2 yr)
10,4.0,5,20,-0.42810093245039244,-0.0736087650950954,0.8956504161637775,0.19161676646706588,-0.1413350607288637,-0.2300816658406532,334,Gold,1h / 1h  (≈2 yr)
10,4.0,10,5,-0.5395554350353311,-0.10550855747236199,0.8992848560260394,0.2056239015817223,-0.19925382797478708,-0.3450459859777698,569,Gold,1h / 1h  (≈2 yr)
10,4.0,10,10,-0.3386303837399954,-0.06539293123644085,0.9319615165432542,0.20127118644067796,-0.12609171416144405,-0.29158140790061104,472,Gold,1h / 1h  (≈2 yr)
10,4.0,10,15,-0.4813741432786516,-0.08530601450024777,0.8910596091560865,0.18877551020408162,-0.16267935828531477,-0.22559197129370828,392,Gold,1h / 1h  (≈2 yr)
10,4.0,10,20,-0.42810093245039244,-0.0736087650950954,0.8956504161637775,0.19161676646706588,-0.1413350607288637,-0.2300816658406532,334,Gold,1h / 1h  (≈2 yr)
10,4.0,15,5,-0.5395554350353311,-0.10550855747236199,0.8992848560260394,0.2056239015817223,-0.19925382797478708,-0.3450459859777698,569,Gold,1h / 1h  (≈2 yr)
10,4.0,15,10,-0.3386303837399954,-0.06539293123644085,0.9319615165432542,0.20127118644067796,-0.12609171416144405,-0.29158140790061104,472,Gold,1h / 1h  (≈2 yr)
10,4.0,15,15,-0.4813741432786516,-0.08530601450024777,0.8910596091560865,0.18877551020408162,-0.16267935828531477,-0.22559197129370828,392,Gold,1h / 1h  (≈2 yr)
10,4.0,15,20,-0.42810093245039244,-0.0736087650950954,0.8956504161637775,0.19161676646706588,-0.1413350607288637,-0.2300816658406532,334,Gold,1h / 1h  (≈2 yr)
3,2.0,5,5,-5.8524403178119195,-0.45451826265411577,0.5082882057635998,0.29968782518210196,-0.7007165318992021,-0.7038254443504753,961,Nasdaq,1h / 1h  (≈2 yr)
3,2.0,5,10,-5.173797736869189,-0.4054263945787637,0.49825426979662685,0.3,-0.6451167351372213,-0.6482708600917979,720,Nasdaq,1h / 1h  (≈2 yr)
3,2.0,5,15,-4.56510997004227,-0.33987097848687386,0.5081007220801543,0.2949389179755672,-0.561911160505763,-0.563046451170187,573,Nasdaq,1h / 1h  (≈2 yr)
3,2.0,5,20,-5.06333966967054,-0.33186887566311063,0.4313595507594712,0.27510917030567683,-0.5516043442479562,-0.5551937217781421,458,Nasdaq,1h / 1h  (≈2 yr)
3,2.0,10,5,-5.8524403178119195,-0.45451826265411577,0.5082882057635998,0.29968782518210196,-0.7007165318992021,-0.7038254443504753,961,Nasdaq,1h / 1h  (≈2 yr)
3,2.0,10,10,-5.173797736869189,-0.4054263945787637,0.49825426979662685,0.3,-0.6451167351372213,-0.6482708600917979,720,Nasdaq,1h / 1h  (≈2 yr)
3,2.0,10,15,-4.56510997004227,-0.33987097848687386,0.5081007220801543,0.2949389179755672,-0.561911160505763,-0.563046451170187,573,Nasdaq,1h / 1h  (≈2 yr)
3,2.0,10,20,-5.06333966967054,-0.33186887566311063,0.4313595507594712,0.27510917030567683,-0.5516043442479562,-0.5551937217781421,458,Nasdaq,1h / 1h  (≈2 yr)
3,2.0,15,5,-5.8524403178119195,-0.45451826265411577,0.5082882057635998,0.29968782518210196,-0.7007165318992021,-0.7038254443504753,961,Nasdaq,1h / 1h  (≈2 yr)
3,2.0,15,10,-5.173797736869189,-0.4054263945787637,0.49825426979662685,0.3,-0.6451167351372213,-0.6482708600917979,720,Nasdaq,1h / 1h  (≈2 yr)
3,2.0,15,15,-4.56510997004227,-0.33987097848687386,0.5081007220801543,0.2949389179755672,-0.561911160505763,-0.563046451170187,573,Nasdaq,1h / 1h  (≈2 yr)
3,2.0,15,20,-5.06333966967054,-0.33186887566311063,0.4313595507594712,0.27510917030567683,-0.5516043442479562,-0.5551937217781421,458,Nasdaq,1h / 1h  (≈2 yr)
3,3.0,5,5,-4.3934235581039305,-0.3981892585109196,0.5736127081261608,0.2371495327102804,-0.6360782336432812,-0.6374601946275188,856,Nasdaq,1h / 1h  (≈2 yr)
3,3.0,5,10,-4.259712280744995,-0.3788220279779183,0.5345414841261703,0.2241112828438949,-0.6127942398113002,-0.6162079374738206,647,Nasdaq,1h / 1h  (≈2 yr)
3,3.0,5,15,-3.641714610352359,-0.31192668873570306,0.5523970239872659,0.2222222222222222,-0.5242882175573296,-0.5253999420014077,522,Nasdaq,1h / 1h  (≈2 yr)
3,3.0,5,20,-4.837282616609877,-0.3362082253780959,0.42615709336639435,0.19714964370546317,-0.5573986503978035,-0.5573986503978036,421,Nasdaq,1h / 1h  (≈2 yr)
3,3.0,10,5,-4.3934235581039305,-0.3981892585109196,0.5736127081261608,0.2371495327102804,-0.6360782336432812,-0.6374601946275188,856,Nasdaq,1h / 1h  (≈2 yr)
3,3.0,10,10,-4.259712280744995,-0.3788220279779183,0.5345414841261703,0.2241112828438949,-0.6127942398113002,-0.6162079374738206,647,Nasdaq,1h / 1h  (≈2 yr)
3,3.0,10,15,-3.641714610352359,-0.31192668873570306,0.5523970239872659,0.2222222222222222,-0.5242882175573296,-0.5253999420014077,522,Nasdaq,1h / 1h  (≈2 yr)
3,3.0,10,20,-4.837282616609877,-0.3362082253780959,0.42615709336639435,0.19714964370546317,-0.5573986503978035,-0.5573986503978036,421,Nasdaq,1h / 1h  (≈2 yr)
3,3.0,15,5,-4.3934235581039305,-0.3981892585109196,0.5736127081261608,0.2371495327102804,-0.6360782336432812,-0.6374601946275188,856,Nasdaq,1h / 1h  (≈2 yr)
3,3.0,15,10,-4.259712280744995,-0.3788220279779183,0.5345414841261703,0.2241112828438949,-0.6127942398113002,-0.6162079374738206,647,Nasdaq,1h / 1h  (≈2 yr)
3,3.0,15,15,-3.641714610352359,-0.31192668873570306,0.5523970239872659,0.2222222222222222,-0.5242882175573296,-0.5253999420014077,522,Nasdaq,1h / 1h  (≈2 yr)
3,3.0,15,20,-4.837282616609877,-0.3362082253780959,0.42615709336639435,0.19714964370546317,-0.5573986503978035,-0.5573986503978036,421,Nasdaq,1h / 1h  (≈2 yr)
3,4.0,5,5,-3.8817600005448876,-0.3965632133923829,0.5688480811674931,0.18860759493670887,-0.634118348905089,-0.634644057137818,790,Nasdaq,1h / 1h  (≈2 yr)
3,4.0,5,10,-4.078455170083107,-0.3995417225356247,0.5030394813554004,0.1771523178807947,-0.6381046902144173,-0.6423934178690246,604,Nasdaq,1h / 1h  (≈2 yr)
3,4.0,5,15,-3.1754068562706887,-0.3030662855482026,0.5593700248549642,0.17671517671517672,-0.5120375153561059,-0.5156437588657891,481,Nasdaq,1h / 1h  (≈2 yr)
3,4.0,5,20,-4.128271461570972,-0.31864510442359095,0.4490176749281675,0.16539440203562342,-0.533800764847917,-0.5338007648479169,393,Nasdaq,1h / 1h  (≈2 yr)
3,4.0,10,5,-3.8817600005448876,-0.3965632133923829,0.5688480811674931,0.18860759493670887,-0.634118348905089,-0.634644057137818,790,Nasdaq,1h / 1h  (≈2 yr)
3,4.0,10,10,-4.078455170083107,-0.3995417225356247,0.5030394813554004,0.1771523178807947,-0.6381046902144173,-0.6423934178690246,604,Nasdaq,1h / 1h  (≈2 yr)
3,4.0,10,15,-3.1754068562706887,-0.3030662855482026,0.5593700248549642,0.17671517671517672,-0.5120375153561059,-0.5156437588657891,481,Nasdaq,1h / 1h  (≈2 yr)
3,4.0,10,20,-4.128271461570972,-0.31864510442359095,0.4490176749281675,0.16539440203562342,-0.533800764847917,-0.5338007648479169,393,Nasdaq,1h / 1h  (≈2 yr)
3,4.0,15,5,-3.8817600005448876,-0.3965632133923829,0.5688480811674931,0.18860759493670887,-0.634118348905089,-0.634644057137818,790,Nasdaq,1h / 1h  (≈2 yr)
3,4.0,15,10,-4.078455170083107,-0.3995417225356247,0.5030394813554004,0.1771523178807947,-0.6381046902144173,-0.6423934178690246,604,Nasdaq,1h / 1h  (≈2 yr)
3,4.0,15,15,-3.1754068562706887,-0.3030662855482026,0.5593700248549642,0.17671517671517672,-0.5120375153561059,-0.5156437588657891,481,Nasdaq,1h / 1h  (≈2 yr)
3,4.0,15,20,-4.128271461570972,-0.31864510442359095,0.4490176749281675,0.16539440203562342,-0.533800764847917,-0.5338007648479169,393,Nasdaq,1h / 1h  (≈2 yr)
5,2.0,5,5,-6.012345306972547,-0.4724261198397497,0.49430603179762805,0.2996845425867508,-0.7194233697884952,-0.7218377103808371,951,Nasdaq,1h / 1h  (≈2 yr)
5,2.0,5,10,-5.018857501248762,-0.418381913985148,0.487303498739189,0.2988826815642458,-0.6603582900534133,-0.6629256253892779,716,Nasdaq,1h / 1h  (≈2 yr)
5,2.0,5,15,-4.122028789321503,-0.32918025734788214,0.5292096664827965,0.30212014134275617,-0.5474934512911105,-0.5506607168682037,566,Nasdaq,1h / 1h  (≈2 yr)
5,2.0,5,20,-4.807958206139356,-0.3307286526388715,0.4365537611817084,0.27802690582959644,-0.5500810762875267,-0.5536826474768604,446,Nasdaq,1h / 1h  (≈2 yr)
5,2.0,10,5,-6.012345306972547,-0.4724261198397497,0.49430603179762805,0.2996845425867508,-0.7194233697884952,-0.7218377103808371,951,Nasdaq,1h / 1h  (≈2 yr)
5,2.0,10,10,-5.018857501248762,-0.418381913985148,0.487303498739189,0.2988826815642458,-0.6603582900534133,-0.6629256253892779,716,Nasdaq,1h / 1h  (≈2 yr)
5,2.0,10,15,-4.122028789321503,-0.32918025734788214,0.5292096664827965,0.30212014134275617,-0.5474934512911105,-0.5506607168682037,566,Nasdaq,1h / 1h  (≈2 yr)
5,2.0,10,20,-4.807958206139356,-0.3307286526388715,0.4365537611817084,0.27802690582959644,-0.5500810762875267,-0.5536826474768604,446,Nasdaq,1h / 1h  (≈2 yr)
5,2.0,15,5,-6.012345306972547,-0.4724261198397497,0.49430603179762805,0.2996845425867508,-0.7194233697884952,-0.7218377103808371,951,Nasdaq,1h / 1h  (≈2 yr)
5,2.0,15,10,-5.018857501248762,-0.418381913985148,0.487303498739189,0.2988826815642458,-0.6603582900534133,-0.6629256253892779,716,Nasdaq,1h / 1h  (≈2 yr)
5,2.0,15,15,-4.122028789321503,-0.32918025734788214,0.5292096664827965,0.30212014134275617,-0.5474934512911105,-0.5506607168682037,566,Nasdaq,1h / 1h  (≈2 yr)
5,2.0,15,20,-4.807958206139356,-0.3307286526388715,0.4365537611817084,0.27802690582959644,-0.5500810762875267,-0.5536826474768604,446,Nasdaq,1h / 1h  (≈2 yr)
5,3.0,5,5,-4.199911072636737,-0.4015514173404363,0.580768666628049,0.2441588785046729,-0.6395656077422397,-0.641773772253668,856,Nasdaq,1h / 1h  (≈2 yr)
5,3.0,5,10,-4.278149189575129,-0.40015016746385534,0.5141510155316603,0.22102009273570325,-0.638835063073549,-0.6422142499318348,647,Nasdaq,1h / 1h  (≈2 yr)
5,3.0,5,15,-3.3472863788673823,-0.31143131291889714,0.5641097668423051,0.22753346080305928,-0.5234248363019991,-0.5249141649572289,523,Nasdaq,1h / 1h  (≈2 yr)
5,3.0,5,20,-4.4128779450487166,-0.3356073177355554,0.4373512850079405,0.19854721549636803,-0.5566013382742454,-0.5566013382742454,413,Nasdaq,1h / 1h  (≈2 yr)
5,3.0,10,5,-4.199911072636737,-0.4015514173404363,0.580768666628049,0.2441588785046729,-0.6395656077422397,-0.641773772253668,856,Nasdaq,1h / 1h  (≈2 yr)
5,3.0,10,10,-4.278149189575129,-0.40015016746385534,0.5141510155316603,0.22102009273570325,-0.638835063073549,-0.6422142499318348,647,Nasdaq,1h / 1h  (≈2 yr)
5,3.0,10,15,-3.3472863788673823,-0.31143131291889714,0.5641097668423051,0.22753346080305928,-0.5234248363019991,-0.5249141649572289,523,Nasdaq,1h / 1h  (≈2 yr)
5,3.0,10,20,-4.4128779450487166,-0.3356073177355554,0.4373512850079405,0.19854721549636803,-0.5566013382742454,-0.5566013382742454,413,Nasdaq,1h / 1h  (≈2 yr)
5,3.0,15,5,-4.199911072636737,-0.4015514173404363,0.580768666628049,0.2441588785046729,-0.6395656077422397,-0.641773772253668,856,Nasdaq,1h / 1h  (≈2 yr)
5,3.0,15,10,-4.278149189575129,-0.40015016746385534,0.5141510155316603,0.22102009273570325,-0.638835063073549,-0.6422142499318348,647,Nasdaq,1h / 1h  (≈2 yr)
5,3.0,15,15,-3.3472863788673823,-0.31143131291889714,0.5641097668423051,0.22753346080305928,-0.5234248363019991,-0.5249141649572289,523,Nasdaq,1h / 1h  (≈2 yr)
5,3.0,15,20,-4.4128779450487166,-0.3356073177355554,0.4373512850079405,0.19854721549636803,-0.5566013382742454,-0.5566013382742454,413,Nasdaq,1h / 1h  (≈2 yr)
5,4.0,5,5,-3.267253679407653,-0.3579833339231603,0.6213183896745572,0.19615384615384615,-0.5855371095401263,-0.5883762265748085,780,Nasdaq,1h / 1h  (≈2 yr)
5,4.0,5,10,-3.645798715612408,-0.3816106378547577,0.5308618000131684,0.17953020134228187,-0.6162503409586717,-0.6220544566031547,596,Nasdaq,1h / 1h  (≈2 yr)
5,4.0,5,15,-2.5996428050921803,-0.2710937662397007,0.6182221925431466,0.18789144050104384,-0.4663716216169371,-0.4707337745353328,479,Nasdaq,1h / 1h  (≈2 yr)
5,4.0,5,20,-3.6581801085898515,-0.30294739781995805,0.4790462125943932,0.16976127320954906,-0.5121935171085833,-0.5121935171085833,377,Nasdaq,1h / 1h  (≈2 yr)
5,4.0,10,5,-3.267253679407653,-0.3579833339231603,0.6213183896745572,0.19615384615384615,-0.5855371095401263,-0.5883762265748085,780,Nasdaq,1h / 1h  (≈2 yr)
5,4.0,10,10,-3.645798715612408,-0.3816106378547577,0.5308618000131684,0.17953020134228187,-0.6162503409586717,-0.6220544566031547,596,Nasdaq,1h / 1h  (≈2 yr)
5,4.0,10,15,-2.5996428050921803,-0.2710937662397007,0.6182221925431466,0.18789144050104384,-0.4663716216169371,-0.4707337745353328,479,Nasdaq,1h / 1h  (≈2 yr)
5,4.0,10,20,-3.6581801085898515,-0.30294739781995805,0.4790462125943932,0.16976127320954906,-0.5121935171085833,-0.5121935171085833,377,Nasdaq,1h / 1h  (≈2 yr)
5,4.0,15,5,-3.267253679407653,-0.3579833339231603,0.6213183896745572,0.19615384615384615,-0.5855371095401263,-0.5883762265748085,780,Nasdaq,1h / 1h  (≈2 yr)
5,4.0,15,10,-3.645798715612408,-0.3816106378547577,0.5308618000131684,0.17953020134228187,-0.6162503409586717,-0.6220544566031547,596,Nasdaq,1h / 1h  (≈2 yr)
5,4.0,15,15,-2.5996428050921803,-0.2710937662397007,0.6182221925431466,0.18789144050104384,-0.4663716216169371,-0.4707337745353328,479,Nasdaq,1h / 1h  (≈2 yr)
5,4.0,15,20,-3.6581801085898515,-0.30294739781995805,0.4790462125943932,0.16976127320954906,-0.5121935171085833,-0.5121935171085833,377,Nasdaq,1h / 1h  (≈2 yr)
10,2.0,5,5,-5.620571786205371,-0.46007398866992566,0.49278955808222263,0.296962879640045,-0.7072063577740557,-0.713776953001047,889,Nasdaq,1h / 1h  (≈2 yr)
10,2.0,5,10,-4.730086829524508,-0.4097226667682149,0.4934412644285249,0.29624277456647397,-0.6502080303545061,-0.6522238946450827,692,Nasdaq,1h / 1h  (≈2 yr)
10,2.0,5,15,-3.970996437592984,-0.3292025074013477,0.5244048664577626,0.2948717948717949,-0.5481205594085741,-0.5492915878943507,546,Nasdaq,1h / 1h  (≈2 yr)
10,2.0,5,20,-4.716322961123961,-0.3345454156038006,0.4342748139721264,0.2620689655172414,-0.5551699454923298,-0.5605658058585585,435,Nasdaq,1h / 1h  (≈2 yr)
10,2.0,10,5,-5.620571786205371,-0.46007398866992566,0.49278955808222263,0.296962879640045,-0.7072063577740557,-0.713776953001047,889,Nasdaq,1h / 1h  (≈2 yr)
10,2.0,10,10,-4.730086829524508,-0.4097226667682149,0.4934412644285249,0.29624277456647397,-0.6502080303545061,-0.6522238946450827,692,Nasdaq,1h / 1h  (≈2 yr)
10,2.0,10,15,-3.970996437592984,-0.3292025074013477,0.5244048664577626,0.2948717948717949,-0.5481205594085741,-0.5492915878943507,546,Nasdaq,1h / 1h  (≈2 yr)
10,2.0,10,20,-4.716322961123961,-0.3345454156038006,0.4342748139721264,0.2620689655172414,-0.5551699454923298,-0.5605658058585585,435,Nasdaq,1h / 1h  (≈2 yr)
10,2.0,15,5,-5.620571786205371,-0.46007398866992566,0.49278955808222263,0.296962879640045,-0.7072063577740557,-0.713776953001047,889,Nasdaq,1h / 1h  (≈2 yr)
10,2.0,15,10,-4.730086829524508,-0.4097226667682149,0.4934412644285249,0.29624277456647397,-0.6502080303545061,-0.6522238946450827,692,Nasdaq,1h / 1h  (≈2 yr)
10,2.0,15,15,-3.970996437592984,-0.3292025074013477,0.5244048664577626,0.2948717948717949,-0.5481205594085741,-0.5492915878943507,546,Nasdaq,1h / 1h  (≈2 yr)
10,2.0,15,20,-4.716322961123961,-0.3345454156038006,0.4342748139721264,0.2620689655172414,-0.5551699454923298,-0.5605658058585585,435,Nasdaq,1h / 1h  (≈2 yr)
10,3.0,5,5,-4.052063512034253,-0.39795954404710066,0.5665114455276182,0.23595505617977527,-0.6360124344127194,-0.637394645263763,801,Nasdaq,1h / 1h  (≈2 yr)
10,3.0,5,10,-3.8634456435868962,-0.3827334717552848,0.5348384862526283,0.21835443037974683,-0.6176375810885293,-0.6212151388778373,632,Nasdaq,1h / 1h  (≈2 yr)
10,3.0,5,15,-3.0329924173949214,-0.2972570974452108,0.5813102621360938,0.22332015810276679,-0.5043007078230703,-0.5043007078230703,506,Nasdaq,1h / 1h  (≈2 yr)
10,3.0,5,20,-4.306547300312002,-0.33649688687131807,0.44146334605767595,0.18518518518518517,-0.5577814061347688,-0.5610168575280688,405,Nasdaq,1h / 1h  (≈2 yr)
10,3.0,10,5,-4.052063512034253,-0.39795954404710066,0.5665114455276182,0.23595505617977527,-0.6360124344127194,-0.637394645263763,801,Nasdaq,1h / 1h  (≈2 yr)
10,3.0,10,10,-3.8634456435868962,-0.3827334717552848,0.5348384862526283,0.21835443037974683,-0.6176375810885293,-0.6212151388778373,632,Nasdaq,1h / 1h  (≈2 yr)
10,3.0,10,15,-3.0329924173949214,-0.2972570974452108,0.5813102621360938,0.22332015810276679,-0.5043007078230703,-0.5043007078230703,506,Nasdaq,1h / 1h  (≈2 yr)
10,3.0,10,20,-4.306547300312002,-0.33649688687131807,0.44146334605767595,0.18518518518518517,-0.5577814061347688,-0.5610168575280688,405,Nasdaq,1h / 1h  (≈2 yr)
10,3.0,15,5,-4.052063512034253,-0.39795954404710066,0.5665114455276182,0.23595505617977527,-0.6360124344127194,-0.637394645263763,801,Nasdaq,1h / 1h  (≈2 yr)
10,3.0,15,10,-3.8634456435868962,-0.3827334717552848,0.5348384862526283,0.21835443037974683,-0.6176375810885293,-0.6212151388778373,632,Nasdaq,1h / 1h  (≈2 yr)
10,3.0,15,15,-3.0329924173949214,-0.2972570974452108,0.5813102621360938,0.22332015810276679,-0.5043007078230703,-0.5043007078230703,506,Nasdaq,1h / 1h  (≈2 yr)
10,3.0,15,20,-4.306547300312002,-0.33649688687131807,0.44146334605767595,0.18518518518518517,-0.5577814061347688,-0.5610168575280688,405,Nasdaq,1h / 1h  (≈2 yr)
10,4.0,5,5,-3.275189465574762,-0.36376626735063977,0.6016489316096382,0.1909212283044059,-0.5936794476972422,-0.5949982973067297,749,Nasdaq,1h / 1h  (≈2 yr)
10,4.0,5,10,-3.6698748008139033,-0.392180502884687,0.515059020754576,0.1683673469387755,-0.6292100953423376,-0.6356588107502558,588,Nasdaq,1h / 1h  (≈2 yr)
10,4.0,5,15,-2.416223221508713,-0.26395416508428704,0.6256462953541333,0.18064516129032257,-0.45647221728151444,-0.45850424867016437,465,Nasdaq,1h / 1h  (≈2 yr)
10,4.0,5,20,-3.6173242606909626,-0.3083429008380153,0.47698582077764584,0.1581769436997319,-0.519675103598656,-0.5246965804854605,373,Nasdaq,1h / 1h  (≈2 yr)
10,4.0,10,5,-3.275189465574762,-0.36376626735063977,0.6016489316096382,0.1909212283044059,-0.5936794476972422,-0.5949982973067297,749,Nasdaq,1h / 1h  (≈2 yr)
10,4.0,10,10,-3.6698748008139033,-0.392180502884687,0.515059020754576,0.1683673469387755,-0.6292100953423376,-0.6356588107502558,588,Nasdaq,1h / 1h  (≈2 yr)
10,4.0,10,15,-2.416223221508713,-0.26395416508428704,0.6256462953541333,0.18064516129032257,-0.45647221728151444,-0.45850424867016437,465,Nasdaq,1h / 1h  (≈2 yr)
10,4.0,10,20,-3.6173242606909626,-0.3083429008380153,0.47698582077764584,0.1581769436997319,-0.519675103598656,-0.5246965804854605,373,Nasdaq,1h / 1h  (≈2 yr)
10,4.0,15,5,-3.275189465574762,-0.36376626735063977,0.6016489316096382,0.1909212283044059,-0.5936794476972422,-0.5949982973067297,749,Nasdaq,1h / 1h  (≈2 yr)
10,4.0,15,10,-3.6698748008139033,-0.392180502884687,0.515059020754576,0.1683673469387755,-0.6292100953423376,-0.6356588107502558,588,Nasdaq,1h / 1h  (≈2 yr)
10,4.0,15,15,-2.416223221508713,-0.26395416508428704,0.6256462953541333,0.18064516129032257,-0.45647221728151444,-0.45850424867016437,465,Nasdaq,1h / 1h  (≈2 yr)
10,4.0,15,20,-3.6173242606909626,-0.3083429008380153,0.47698582077764584,0.1581769436997319,-0.519675103598656,-0.5246965804854605,373,Nasdaq,1h / 1h  (≈2 yr)
3,2.0,5,5,-6.462542835264851,-0.4033232398071316,0.46825120739875065,0.3058589870903674,-0.6424425697236704,-0.6438801829520802,1007,SP500,1h / 1h  (≈2 yr)
3,2.0,5,10,-5.376936782319488,-0.33690088091332926,0.48269869006574434,0.3029891304347826,-0.5589787192511999,-0.5589787192512,736,SP500,1h / 1h  (≈2 yr)
3,2.0,5,15,-4.219142897290004,-0.25898586609616847,0.5325086154280941,0.3178694158075601,-0.4487911738746202,-0.44986663404109345,582,SP500,1h / 1h  (≈2 yr)
3,2.0,5,20,-4.421926801568349,-0.2531175028807896,0.4673275792561094,0.2863157894736842,-0.4400453032968583,-0.4434739616316673,475,SP500,1h / 1h  (≈2 yr)
3,2.0,10,5,-6.462542835264851,-0.4033232398071316,0.46825120739875065,0.3058589870903674,-0.6424425697236704,-0.6438801829520802,1007,SP500,1h / 1h  (≈2 yr)
3,2.0,10,10,-5.376936782319488,-0.33690088091332926,0.48269869006574434,0.3029891304347826,-0.5589787192511999,-0.5589787192512,736,SP500,1h / 1h  (≈2 yr)
3,2.0,10,15,-4.219142897290004,-0.25898586609616847,0.5325086154280941,0.3178694158075601,-0.4487911738746202,-0.44986663404109345,582,SP500,1h / 1h  (≈2 yr)
3,2.0,10,20,-4.421926801568349,-0.2531175028807896,0.4673275792561094,0.2863157894736842,-0.4400453032968583,-0.4434739616316673,475,SP500,1h / 1h  (≈2 yr)
3,2.0,15,5,-6.462542835264851,-0.4033232398071316,0.46825120739875065,0.3058589870903674,-0.6424425697236704,-0.6438801829520802,1007,SP500,1h / 1h  (≈2 yr)
3,2.0,15,10,-5.376936782319488,-0.33690088091332926,0.48269869006574434,0.3029891304347826,-0.5589787192511999,-0.5589787192512,736,SP500,1h / 1h  (≈2 yr)
3,2.0,15,15,-4.219142897290004,-0.25898586609616847,0.5325086154280941,0.3178694158075601,-0.4487911738746202,-0.44986663404109345,582,SP500,1h / 1h  (≈2 yr)
3,2.0,15,20,-4.421926801568349,-0.2531175028807896,0.4673275792561094,0.2863157894736842,-0.4400453032968583,-0.4434739616316673,475,SP500,1h / 1h  (≈2 yr)
3,3.0,5,5,-4.451391839133051,-0.35044788174436914,0.5366056386180761,0.23111612175873733,-0.5765633082400758,-0.5830577929839044,887,SP500,1h / 1h  (≈2 yr)
3,3.0,5,10,-4.180594835483442,-0.31698840286653207,0.5134334679162039,0.22427035330261136,-0.5321948640635832,-0.5371321803119267,651,SP500,1h / 1h  (≈2 yr)
3,3.0,5,15,-3.2681500425143613,-0.24087767036183894,0.5703261687443142,0.2409867172675522,-0.4217005943589627,-0.42566978289471374,527,SP500,1h / 1h  (≈2 yr)
3,3.0,5,20,-3.867263744489339,-0.24622383612112708,0.49092621359482463,0.21016166281755197,-0.4297474538899333,-0.43547307981705113,433,SP500,1h / 1h  (≈2 yr)
3,3.0,10,5,-4.451391839133051,-0.35044788174436914,0.5366056386180761,0.23111612175873733,-0.5765633082400758,-0.5830577929839044,887,SP500,1h / 1h  (≈2 yr)
3,3.0,10,10,-4.180594835483442,-0.31698840286653207,0.5134334679162039,0.22427035330261136,-0.5321948640635832,-0.5371321803119267,651,SP500,1h / 1h  (≈2 yr)
3,3.0,10,15,-3.2681500425143613,-0.24087767036183894,0.5703261687443142,0.2409867172675522,-0.4217005943589627,-0.42566978289471374,527,SP500,1h / 1h  (≈2 yr)
3,3.0,10,20,-3.867263744489339,-0.24622383612112708,0.49092621359482463,0.21016166281755197,-0.4297474538899333,-0.43547307981705113,433,SP500,1h / 1h  (≈2 yr)
3,3.0,15,5,-4.451391839133051,-0.35044788174436914,0.5366056386180761,0.23111612175873733,-0.5765633082400758,-0.5830577929839044,887,SP500,1h / 1h  (≈2 yr)
3,3.0,15,10,-4.180594835483442,-0.31698840286653207,0.5134334679162039,0.22427035330261136,-0.5321948640635832,-0.5371321803119267,651,SP500,1h / 1h  (≈2 yr)
3,3.0,15,15,-3.2681500425143613,-0.24087767036183894,0.5703261687443142,0.2409867172675522,-0.4217005943589627,-0.42566978289471374,527,SP500,1h / 1h  (≈2 yr)
3,3.0,15,20,-3.867263744489339,-0.24622383612112708,0.49092621359482463,0.21016166281755197,-0.4297474538899333,-0.43547307981705113,433,SP500,1h / 1h  (≈2 yr)
3,4.0,5,5,-4.088930906693222,-0.3441280626064631,0.5341076415468666,0.1821561338289963,-0.5683183762086076,-0.5695938981016605,807,SP500,1h / 1h  (≈2 yr)
3,4.0,5,10,-3.465667072311492,-0.2882952067527176,0.5448839912360459,0.18600682593856654,-0.49221703111915494,-0.49221703111915494,586,SP500,1h / 1h  (≈2 yr)
3,4.0,5,15,-2.575809405643329,-0.22780903341412362,0.5871031585841772,0.19206680584551147,-0.4017483100949123,-0.40174831009491224,479,SP500,1h / 1h  (≈2 yr)
3,4.0,5,20,-2.9973964910410076,-0.23964291249056646,0.49807395436625096,0.16080402010050251,-0.4198660980390203,-0.4198660980390203,398,SP500,1h / 1h  (≈2 yr)
3,4.0,10,5,-4.088930906693222,-0.3441280626064631,0.5341076415468666,0.1821561338289963,-0.5683183762086076,-0.5695938981016605,807,SP500,1h / 1h  (≈2 yr)
3,4.0,10,10,-3.465667072311492,-0.2882952067527176,0.5448839912360459,0.18600682593856654,-0.49221703111915494,-0.49221703111915494,586,SP500,1h / 1h  (≈2 yr)
3,4.0,10,15,-2.575809405643329,-0.22780903341412362,0.5871031585841772,0.19206680584551147,-0.4017483100949123,-0.40174831009491224,479,SP500,1h / 1h  (≈2 yr)
3,4.0,10,20,-2.9973964910410076,-0.23964291249056646,0.49807395436625096,0.16080402010050251,-0.4198660980390203,-0.4198660980390203,398,SP500,1h / 1h  (≈2 yr)
3,4.0,15,5,-4.088930906693222,-0.3441280626064631,0.5341076415468666,0.1821561338289963,-0.5683183762086076,-0.5695938981016605,807,SP500,1h / 1h  (≈2 yr)
3,4.0,15,10,-3.465667072311492,-0.2882952067527176,0.5448839912360459,0.18600682593856654,-0.49221703111915494,-0.49221703111915494,586,SP500,1h / 1h  (≈2 yr)
3,4.0,15,15,-2.575809405643329,-0.22780903341412362,0.5871031585841772,0.19206680584551147,-0.4017483100949123,-0.40174831009491224,479,SP500,1h / 1h  (≈2 yr)
3,4.0,15,20,-2.9973964910410076,-0.23964291249056646,0.49807395436625096,0.16080402010050251,-0.4198660980390203,-0.4198660980390203,398,SP500,1h / 1h  (≈2 yr)
5,2.0,5,5,-6.190196714331179,-0.39021286991173554,0.4831840892129416,0.3085427135678392,-0.6266248035789674,-0.6286920562136724,995,SP500,1h / 1h  (≈2 yr)
5,2.0,5,10,-5.603428557715429,-0.34817191947275616,0.4580399526328034,0.296398891966759,-0.5737904917913079,-0.5737904917913079,722,SP500,1h / 1h  (≈2 yr)
5,2.0,5,15,-4.440664534311409,-0.2655250234379777,0.5107612504403837,0.3158813263525305,-0.45816740453866867,-0.45929608912457803,573,SP500,1h / 1h  (≈2 yr)
5,2.0,5,20,-4.819574623768442,-0.26200832058196644,0.4352620739871806,0.2847826086956522,-0.452832945723736,-0.45625522458891005,460,SP500,1h / 1h  (≈2 yr)
5,2.0,10,5,-6.190196714331179,-0.39021286991173554,0.4831840892129416,0.3085427135678392,-0.6266248035789674,-0.6286920562136724,995,SP500,1h / 1h  (≈2 yr)
5,2.0,10,10,-5.603428557715429,-0.34817191947275616,0.4580399526328034,0.296398891966759,-0.5737904917913079,-0.5737904917913079,722,SP500,1h / 1h  (≈2 yr)
5,2.0,10,15,-4.440664534311409,-0.2655250234379777,0.5107612504403837,0.3158813263525305,-0.45816740453866867,-0.45929608912457803,573,SP500,1h / 1h  (≈2 yr)
5,2.0,10,20,-4.819574623768442,-0.26200832058196644,0.4352620739871806,0.2847826086956522,-0.452832945723736,-0.45625522458891005,460,SP500,1h / 1h  (≈2 yr)
5,2.0,15,5,-6.190196714331179,-0.39021286991173554,0.4831840892129416,0.3085427135678392,-0.6266248035789674,-0.6286920562136724,995,SP500,1h / 1h  (≈2 yr)
5,2.0,15,10,-5.603428557715429,-0.34817191947275616,0.4580399526328034,0.296398891966759,-0.5737904917913079,-0.5737904917913079,722,SP500,1h / 1h  (≈2 yr)
5,2.0,15,15,-4.440664534311409,-0.2655250234379777,0.5107612504403837,0.3158813263525305,-0.45816740453866867,-0.45929608912457803,573,SP500,1h / 1h  (≈2 yr)
5,2.0,15,20,-4.819574623768442,-0.26200832058196644,0.4352620739871806,0.2847826086956522,-0.452832945723736,-0.45625522458891005,460,SP500,1h / 1h  (≈2 yr)
5,3.0,5,5,-4.159393469136598,-0.3264259667415821,0.5662974548737822,0.23325635103926096,-0.5448025544369113,-0.5512534526868422,866,SP500,1h / 1h  (≈2 yr)
5,3.0,5,10,-4.454110790489065,-0.32585153901489605,0.4955166619154618,0.2186046511627907,-0.5442136239515034,-0.5442136239515034,645,SP500,1h / 1h  (≈2 yr)
5,3.0,5,15,-3.374786841122448,-0.24019027205724552,0.5675412652451549,0.24857685009487665,-0.4204234504583608,-0.4315877107209784,527,SP500,1h / 1h  (≈2 yr)
5,3.0,5,20,-3.886496063370117,-0.2357184119900414,0.499392343096813,0.2222222222222222,-0.41348637694689205,-0.4206752341065865,423,SP500,1h / 1h  (≈2 yr)
5,3.0,10,5,-4.159393469136598,-0.3264259667415821,0.5662974548737822,0.23325635103926096,-0.5448025544369113,-0.5512534526868422,866,SP500,1h / 1h  (≈2 yr)
5,3.0,10,10,-4.454110790489065,-0.32585153901489605,0.4955166619154618,0.2186046511627907,-0.5442136239515034,-0.5442136239515034,645,SP500,1h / 1h  (≈2 yr)
5,3.0,10,15,-3.374786841122448,-0.24019027205724552,0.5675412652451549,0.24857685009487665,-0.4204234504583608,-0.4315877107209784,527,SP500,1h / 1h  (≈2 yr)
5,3.0,10,20,-3.886496063370117,-0.2357184119900414,0.499392343096813,0.2222222222222222,-0.41348637694689205,-0.4206752341065865,423,SP500,1h / 1h  (≈2 yr)
5,3.0,15,5,-4.159393469136598,-0.3264259667415821,0.5662974548737822,0.23325635103926096,-0.5448025544369113,-0.5512534526868422,866,SP500,1h / 1h  (≈2 yr)
5,3.0,15,10,-4.454110790489065,-0.32585153901489605,0.4955166619154618,0.2186046511627907,-0.5442136239515034,-0.5442136239515034,645,SP500,1h / 1h  (≈2 yr)
5,3.0,15,15,-3.374786841122448,-0.24019027205724552,0.5675412652451549,0.24857685009487665,-0.4204234504583608,-0.4315877107209784,527,SP500,1h / 1h  (≈2 yr)
5,3.0,15,20,-3.886496063370117,-0.2357184119900414,0.499392343096813,0.2222222222222222,-0.41348637694689205,-0.4206752341065865,423,SP500,1h / 1h  (≈2 yr)
5,4.0,5,5,-3.7490724581204784,-0.30989528335452077,0.5745213684530901,0.18693982074263765,-0.5222821736219826,-0.5255585932266092,781,SP500,1h / 1h  (≈2 yr)
5,4.0,5,10,-3.6160916135003545,-0.28716011299067856,0.5426796746998135,0.18384879725085912,-0.4906019462270953,-0.4906019462270953,582,SP500,1h / 1h  (≈2 yr)
5,4.0,5,15,-3.007968515047204,-0.23098705498194283,0.5786907414961973,0.19750519750519752,-0.4064000632967679,-0.41773740694417594,481,SP500,1h / 1h  (≈2 yr)
5,4.0,5,20,-3.4449597461064743,-0.23042071952250986,0.5058343364436252,0.17268041237113402,-0.4054428603700617,-0.40544286037006166,388,SP500,1h / 1h  (≈2 yr)
5,4.0,10,5,-3.7490724581204784,-0.30989528335452077,0.5745213684530901,0.18693982074263765,-0.5222821736219826,-0.5255585932266092,781,SP500,1h / 1h  (≈2 yr)
5,4.0,10,10,-3.6160916135003545,-0.28716011299067856,0.5426796746998135,0.18384879725085912,-0.4906019462270953,-0.4906019462270953,582,SP500,1h / 1h  (≈2 yr)
5,4.0,10,15,-3.007968515047204,-0.23098705498194283,0.5786907414961973,0.19750519750519752,-0.4064000632967679,-0.41773740694417594,481,SP500,1h / 1h  (≈2 yr)
5,4.0,10,20,-3.4449597461064743,-0.23042071952250986,0.5058343364436252,0.17268041237113402,-0.4054428603700617,-0.40544286037006166,388,SP500,1h / 1h  (≈2 yr)
5,4.0,15,5,-3.7490724581204784,-0.30989528335452077,0.5745213684530901,0.18693982074263765,-0.5222821736219826,-0.5255585932266092,781,SP500,1h / 1h  (≈2 yr)
5,4.0,15,10,-3.6160916135003545,-0.28716011299067856,0.5426796746998135,0.18384879725085912,-0.4906019462270953,-0.4906019462270953,582,SP500,1h / 1h  (≈2 yr)
5,4.0,15,15,-3.007968515047204,-0.23098705498194283,0.5786907414961973,0.19750519750519752,-0.4064000632967679,-0.41773740694417594,481,SP500,1h / 1h  (≈2 yr)
5,4.0,15,20,-3.4449597461064743,-0.23042071952250986,0.5058343364436252,0.17268041237113402,-0.4054428603700617,-0.40544286037006166,388,SP500,1h / 1h  (≈2 yr)
10,2.0,5,5,-5.733861504149616,-0.36871668664720403,0.49027103931705834,0.30934479054779807,-0.5999518397002657,-0.6014793579351194,931,SP500,1h / 1h  (≈2 yr)
10,2.0,5,10,-5.471954119526312,-0.3527346670975925,0.44474665242096484,0.2905982905982906,-0.5800068054315723,-0.5804238103556832,702,SP500,1h / 1h  (≈2 yr)
10,2.0,5,15,-4.562210029606752,-0.27866663624328003,0.48999631408786465,0.31040564373897706,-0.4785329609981823,-0.4801359005975642,567,SP500,1h / 1h  (≈2 yr)
10,2.0,5,20,-4.761193025882149,-0.2706050593766417,0.43095214392657627,0.2841648590021692,-0.4661413999030374,-0.47000718538269676,461,SP500,1h / 1h  (≈2 yr)
10,2.0,10,5,-5.733861504149616,-0.36871668664720403,0.49027103931705834,0.30934479054779807,-0.5999518397002657,-0.6014793579351194,931,SP500,1h / 1h  (≈2 yr)
10,2.0,10,10,-5.471954119526312,-0.3527346670975925,0.44474665242096484,0.2905982905982906,-0.5800068054315723,-0.5804238103556832,702,SP500,1h / 1h  (≈2 yr)
10,2.0,10,15,-4.562210029606752,-0.27866663624328003,0.48999631408786465,0.31040564373897706,-0.4785329609981823,-0.4801359005975642,567,SP500,1h / 1h  (≈2 yr)
10,2.0,10,20,-4.761193025882149,-0.2706050593766417,0.43095214392657627,0.2841648590021692,-0.4661413999030374,-0.47000718538269676,461,SP500,1h / 1h  (≈2 yr)
10,2.0,15,5,-5.733861504149616,-0.36871668664720403,0.49027103931705834,0.30934479054779807,-0.5999518397002657,-0.6014793579351194,931,SP500,1h / 1h  (≈2 yr)
10,2.0,15,10,-5.471954119526312,-0.3527346670975925,0.44474665242096484,0.2905982905982906,-0.5800068054315723,-0.5804238103556832,702,SP500,1h / 1h  (≈2 yr)
10,2.0,15,15,-4.562210029606752,-0.27866663624328003,0.48999631408786465,0.31040564373897706,-0.4785329609981823,-0.4801359005975642,567,SP500,1h / 1h  (≈2 yr)
10,2.0,15,20,-4.761193025882149,-0.2706050593766417,0.43095214392657627,0.2841648590021692,-0.4661413999030374,-0.47000718538269676,461,SP500,1h / 1h  (≈2 yr)
10,3.0,5,5,-3.790254462715476,-0.3044500868265392,0.5779850736353039,0.2315270935960591,-0.5147454313236932,-0.521310026758257,812,SP500,1h / 1h  (≈2 yr)
10,3.0,5,10,-4.22841787251921,-0.32201510234795494,0.49613297631534237,0.21800947867298578,-0.5393164164010742,-0.5418811186098234,633,SP500,1h / 1h  (≈2 yr)
10,3.0,5,15,-3.2280562068859373,-0.2379219093459355,0.5776399341574354,0.25285171102661597,-0.4181739518713744,-0.42248125403444775,526,SP500,1h / 1h  (≈2 yr)
10,3.0,5,20,-3.7593093718356814,-0.23946913759869015,0.5056014802310473,0.22716627634660422,-0.419856244096774,-0.427535982051091,427,SP500,1h / 1h  (≈2 yr)
10,3.0,10,5,-3.790254462715476,-0.3044500868265392,0.5779850736353039,0.2315270935960591,-0.5147454313236932,-0.521310026758257,812,SP500,1h / 1h  (≈2 yr)
10,3.0,10,10,-4.22841787251921,-0.32201510234795494,0.49613297631534237,0.21800947867298578,-0.5393164164010742,-0.5418811186098234,633,SP500,1h / 1h  (≈2 yr)
10,3.0,10,15,-3.2280562068859373,-0.2379219093459355,0.5776399341574354,0.25285171102661597,-0.4181739518713744,-0.42248125403444775,526,SP500,1h / 1h  (≈2 yr)
10,3.0,10,20,-3.7593093718356814,-0.23946913759869015,0.5056014802310473,0.22716627634660422,-0.419856244096774,-0.427535982051091,427,SP500,1h / 1h  (≈2 yr)
10,3.0,15,5,-3.790254462715476,-0.3044500868265392,0.5779850736353039,0.2315270935960591,-0.5147454313236932,-0.521310026758257,812,SP500,1h / 1h  (≈2 yr)
10,3.0,15,10,-4.22841787251921,-0.32201510234795494,0.49613297631534237,0.21800947867298578,-0.5393164164010742,-0.5418811186098234,633,SP500,1h / 1h  (≈2 yr)
10,3.0,15,15,-3.2280562068859373,-0.2379219093459355,0.5776399341574354,0.25285171102661597,-0.4181739518713744,-0.42248125403444775,526,SP500,1h / 1h  (≈2 yr)
10,3.0,15,20,-3.7593093718356814,-0.23946913759869015,0.5056014802310473,0.22716627634660422,-0.419856244096774,-0.427535982051091,427,SP500,1h / 1h  (≈2 yr)
10,4.0,5,5,-3.546937960263106,-0.2977837843297968,0.574198319510785,0.1875,-0.5054385717746925,-0.5088098196209261,736,SP500,1h / 1h  (≈2 yr)
10,4.0,5,10,-3.783563474753802,-0.3033189550350911,0.5133312693554452,0.17850953206239167,-0.5136338956664851,-0.5141168012541246,577,SP500,1h / 1h  (≈2 yr)
10,4.0,5,15,-2.9649377738087557,-0.2336289807718448,0.5791467665563644,0.2045929018789144,-0.4116226645899128,-0.42267316202556193,479,SP500,1h / 1h  (≈2 yr)
10,4.0,5,20,-3.6449189310372807,-0.24667954895643918,0.4837427913645598,0.17647058823529413,-0.4307451233411542,-0.43131032794377827,391,SP500,1h / 1h  (≈2 yr)
10,4.0,10,5,-3.546937960263106,-0.2977837843297968,0.574198319510785,0.1875,-0.5054385717746925,-0.5088098196209261,736,SP500,1h / 1h  (≈2 yr)
10,4.0,10,10,-3.783563474753802,-0.3033189550350911,0.5133312693554452,0.17850953206239167,-0.5136338956664851,-0.5141168012541246,577,SP500,1h / 1h  (≈2 yr)
10,4.0,10,15,-2.9649377738087557,-0.2336289807718448,0.5791467665563644,0.2045929018789144,-0.4116226645899128,-0.42267316202556193,479,SP500,1h / 1h  (≈2 yr)
10,4.0,10,20,-3.6449189310372807,-0.24667954895643918,0.4837427913645598,0.17647058823529413,-0.4307451233411542,-0.43131032794377827,391,SP500,1h / 1h  (≈2 yr)
10,4.0,15,5,-3.546937960263106,-0.2977837843297968,0.574198319510785,0.1875,-0.5054385717746925,-0.5088098196209261,736,SP500,1h / 1h  (≈2 yr)
10,4.0,15,10,-3.783563474753802,-0.3033189550350911,0.5133312693554452,0.17850953206239167,-0.5136338956664851,-0.5141168012541246,577,SP500,1h / 1h  (≈2 yr)
10,4.0,15,15,-2.9649377738087557,-0.2336289807718448,0.5791467665563644,0.2045929018789144,-0.4116226645899128,-0.42267316202556193,479,SP500,1h / 1h  (≈2 yr)
10,4.0,15,20,-3.6449189310372807,-0.24667954895643918,0.4837427913645598,0.17647058823529413,-0.4307451233411542,-0.43131032794377827,391,SP500,1h / 1h  (≈2 yr)
